,F1 Score(toxic),F1 Score(severe_toxic),F1 Score(obscene),F1 Score(insult),F1 Score(threat),F1 Score(identity_hate)
LogisticRegression,0.8569491525423728,0.9172113289760349,0.9048275862068965,0.8935011908812521,0.7107438016528926,0.6892655367231639
KNeighborsClassifier,0.2654768544339096,0.6736694677871148,0.68728984532616,0.8171250354408847,0.751937984496124,0.6739130434782609
CalibratedClassifierCV,0.8672859986728598,0.9363057324840764,0.9282170029771749,0.9049354090758529,0.9060402684563759,0.8197115384615384
RandomForestClassifier,0.8339148639218422,0.896551724137931,0.8899933730947648,0.8722907635878626,0.85,0.7768395657418575
GradientBoostingClassifier,0.7776096822995461,0.8871331828442438,0.8729758906081324,0.8373117884686008,0.7913669064748201,0.7057220708446866
MLPClassifier,0.8489019993444773,0.9190871369294605,0.8800261523373651,0.8699080157687253,0.8641114982578397,0.7793427230046948
