,F1 Score(toxic),F1 Score(severe_toxic),F1 Score(obscene),F1 Score(insult),F1 Score(threat),F1 Score(identity_hate)
LogisticRegression,0.8636363636363636,0.9356223175965666,0.9221960255978444,0.8969002695417789,0.8398576512455517,0.7729591836734694
KNeighborsClassifier,0.7076167076167077,0.7412698412698413,0.7584359935725764,0.7860182370820669,0.6416666666666667,0.6402116402116403
CalibratedClassifierCV,0.6578272027373824,0.6287339971550499,0.5654401490451793,0.726753670473083,0.08641975308641976,0.05286343612334802
RandomForestClassifier,0.8316415820791039,0.906344410876133,0.8982432880344715,0.8703828072531901,0.8671328671328672,0.7692307692307693
GradientBoostingClassifier,0.7650440781908777,0.8898876404494382,0.8700687658342382,0.8381651376146789,0.7846153846153846,0.6850828729281767
MLPClassifier,0.8552631578947367,0.9277721261444557,0.9029728846782098,0.8789267015706806,0.8821548821548821,0.7835550181378476
